{"trial.txt": 1721742928.4721596, "utilities.py": 1722952362.217418, "__init__.py": 1721052002.991831, "__pycache__": 1722952804.103505}